{
    "annotations": {
        "list": [
            {
                "builtIn": 1,
                "datasource": {
                    "type": "grafana",
                    "uid": "-- Grafana --"
                },
                "enable": true,
                "hide": true,
                "iconColor": "rgba(0, 211, 255, 1)",
                "name": "Annotations & Alerts",
                "target": {
                    "limit": 100,
                    "matchAny": false,
                    "tags": [],
                    "type": "dashboard"
                },
                "type": "dashboard"
            }
        ]
    },
    "editable": true,
    "fiscalYearStartMonth": 0,
    "graphTooltip": 0,
    "id": 6,
    "iteration": 1654517000502,
    "links": [],
    "liveNow": false,
    "panels": [
        {
            "datasource": {
                "type": "loki",
                "uid": "loki"
            },
            "description": "",
            "gridPos": {
                "h": 10,
                "w": 23,
                "x": 0,
                "y": 0
            },
            "id": 2,
            "options": {
                "dedupStrategy": "none",
                "enableLogDetails": true,
                "prettifyLogMessage": true,
                "showCommonLabels": true,
                "showLabels": true,
                "showTime": true,
                "sortOrder": "Ascending",
                "wrapLogMessage": true
            },
            "targets": [
                {
                    "datasource": {
                        "type": "loki",
                        "uid": "loki"
                    },
                    "editorMode": "builder",
                    "expr": "{traceID=\"$traceID\"}",
                    "queryType": "range",
                    "refId": "A"
                }
            ],
            "title": "Logs with trace ID $traceID",
            "type": "logs"
        },
        {
            "datasource": {
                "type": "tempo",
                "uid": "tempo"
            },
            "description": "",
            "gridPos": {
                "h": 15,
                "w": 23,
                "x": 0,
                "y": 10
            },
            "id": 6,
            "targets": [
                {
                    "datasource": {
                        "type": "tempo",
                        "uid": "tempo"
                    },
                    "query": "$traceID",
                    "queryType": "traceId",
                    "refId": "A"
                }
            ],
            "title": "Trace View for trace with id $traceID",
            "type": "traces"
        },
        {
            "datasource": {
                "type": "prometheus",
                "uid": "PBFA97CFB590B2093"
            },
            "fieldConfig": {
                "defaults": {
                    "color": {
                        "mode": "palette-classic"
                    },
                    "custom": {
                        "axisLabel": "",
                        "axisPlacement": "auto",
                        "barAlignment": 0,
                        "drawStyle": "line",
                        "fillOpacity": 0,
                        "gradientMode": "none",
                        "hideFrom": {
                            "legend": false,
                            "tooltip": false,
                            "viz": false
                        },
                        "lineInterpolation": "linear",
                        "lineWidth": 1,
                        "pointSize": 5,
                        "scaleDistribution": {
                            "type": "linear"
                        },
                        "showPoints": "auto",
                        "spanNulls": false,
                        "stacking": {
                            "group": "A",
                            "mode": "none"
                        },
                        "thresholdsStyle": {
                            "mode": "off"
                        }
                    },
                    "mappings": [],
                    "thresholds": {
                        "mode": "absolute",
                        "steps": [
                            {
                                "color": "green",
                                "value": null
                            },
                            {
                                "color": "red",
                                "value": 80
                            }
                        ]
                    },
                    "unit": "s"
                },
                "overrides": []
            },
            "gridPos": {
                "h": 10,
                "w": 23,
                "x": 0,
                "y": 25
            },
            "id": 4,
            "options": {
                "legend": {
                    "calcs": [],
                    "displayMode": "list",
                    "placement": "bottom"
                },
                "tooltip": {
                    "mode": "single",
                    "sort": "none"
                }
            },
            "targets": [
                {
                    "datasource": {
                        "type": "prometheus",
                        "uid": "PBFA97CFB590B2093"
                    },
                    "editorMode": "code",
                    "exemplar": true,
                    "expr": "histogram_quantile(1.00, sum(rate(http_server_requests_seconds_bucket{uri=~\".*\"}[$__rate_interval])) by (le))",
                    "legendFormat": "max",
                    "range": true,
                    "refId": "A"
                },
                {
                    "datasource": {
                        "type": "prometheus",
                        "uid": "PBFA97CFB590B2093"
                    },
                    "editorMode": "code",
                    "exemplar": true,
                    "expr": "histogram_quantile(0.99, sum(rate(http_server_requests_seconds_bucket{uri=~\".*\"}[$__rate_interval])) by (le))",
                    "hide": false,
                    "legendFormat": "tp99",
                    "range": true,
                    "refId": "B"
                },
                {
                    "datasource": {
                        "type": "prometheus",
                        "uid": "PBFA97CFB590B2093"
                    },
                    "editorMode": "code",
                    "exemplar": true,
                    "expr": "histogram_quantile(0.95, sum(rate(http_server_requests_seconds_bucket{uri=~\".*\"}[$__rate_interval])) by (le))",
                    "hide": false,
                    "legendFormat": "tp95",
                    "range": true,
                    "refId": "C"
                }
            ],
            "title": "latency for All",
            "type": "timeseries"
        }
    ],
    "schemaVersion": 36,
    "style": "dark",
    "tags": [],
    "templating": {
        "list": [
            {
                "current": {
                    "selected": false,
                    "text": "0003776c79e02b6c",
                    "value": "0003776c79e02b6c"
                },
                "datasource": {
                    "type": "loki",
                    "uid": "loki"
                },
                "definition": "label_values(traceID)",
                "hide": 0,
                "includeAll": false,
                "label": "Trace ID",
                "multi": false,
                "name": "traceID",
                "options": [],
                "query": "label_values(traceID)",
                "refresh": 1,
                "regex": "",
                "skipUrlSync": false,
                "sort": 0,
                "type": "query"
            }
        ]
    },
    "time": {
        "from": "now-15m",
        "to": "now"
    },
    "timepicker": {},
    "timezone": "",
    "title": "Logs, Traces, Metrics",
    "uid": "szVLMe97z",
    "version": 7,
    "weekStart": ""
}
